City_ID,City,Lat,Lng,Max Temp,Humidity,Cloudiness,Wind Speed,Country,Date
0,adamstown,-25.066,-130.1015,20.17,70,98,0.48,PN,1697304681
1,invercargill,-46.4,168.35,6.68,79,69,2.24,NZ,1697304585
2,avarua,-21.2078,-159.775,20.03,100,100,0.51,CK,1697304681
3,remire-montjoly,4.9167,-52.2667,34.02,59,20,5.66,GF,1697304682
4,palikir - national government center,6.9248,158.1611,24.41,88,100,2.57,FM,1697304682
5,waitangi,-43.9535,-176.5597,12.68,92,35,4.02,NZ,1697304547
6,olonkinbyen,70.9221,-8.7187,-2.3,86,100,9.88,SJ,1697304683
7,kloulklubed,7.0419,134.2556,26.28,77,62,3.8,PW,1697304683
8,nemuro,43.3236,145.575,14.05,71,100,3.28,JP,1697304601
9,taltal,-25.4,-70.4833,19.68,61,10,3.79,CL,1697304684
10,port-aux-francais,-49.35,70.2167,0.9,68,52,9.22,TF,1697304684
11,hermanus,-34.4187,19.2345,15.89,80,78,9.63,ZA,1697304612
12,bethel,41.3712,-73.414,12.2,85,100,2.06,US,1697304684
13,west island,-12.1568,96.8225,24.99,83,75,5.66,CC,1697304684
14,marica,-22.9194,-42.8186,20.97,88,100,5.2,BR,1697304685
15,estrela,-28.0611,-50.9383,15.74,78,98,3.47,BR,1697304685
16,rouissat,31.9243,5.3502,31.04,14,0,2.06,DZ,1697304685
17,bahawalpur,29.4,71.6833,29.3,29,6,2.16,PK,1697304686
18,labasa,-16.4167,179.3833,24.06,89,67,3.16,FJ,1697304686
19,klyuchi,52.2667,79.1667,9.1,43,100,5.26,RU,1697304686
20,puerto ayora,-0.7393,-90.3518,30.98,89,92,3.58,EC,1697304545
21,goundam,16.4145,-3.6708,37.21,11,2,4.72,ML,1697304634
22,port mathurin,-19.6833,63.4167,23.13,61,42,4.81,MU,1697304687
23,tindouf,27.6711,-8.1474,34.25,14,0,2.57,DZ,1697304687
24,tobelo,1.7284,128.0095,26.84,83,100,1.14,ID,1697304687
25,alice springs,-23.7,133.8833,10.75,25,0,0.0,AU,1697304611
26,ust-nera,64.5667,143.2,-15.99,95,98,0.89,RU,1697304688
27,terrace,54.5163,-128.6035,10.95,93,75,0.0,CA,1697304688
28,papatowai,-46.5619,169.4708,5.74,88,62,5.34,NZ,1697304568
29,prado,-17.3411,-39.2208,27.9,66,14,4.7,BR,1697304564
30,mizdah,31.4451,12.9801,22.6,35,0,3.96,LY,1697304688
31,urangan,-25.3,152.9,20.95,81,22,3.54,AU,1697304689
32,rocha,-34.4833,-54.3333,18.86,44,4,5.09,UY,1697304689
33,vilyuysk,63.7553,121.6247,-4.9,62,11,1.34,RU,1697304689
34,san patricio,28.017,-97.5169,23.24,28,17,6.76,US,1697304689
35,iskateley,67.6803,53.1512,-2.21,93,59,1.79,RU,1697304690
36,tralee,52.2704,-9.7026,10.14,66,40,4.63,IE,1697304690
37,sinabang,2.4803,96.3801,25.31,85,100,1.35,ID,1697304690
38,tazovsky,67.4667,78.7,2.07,98,100,4.8,RU,1697304690
39,ardestan,33.3761,52.3694,19.29,40,23,0.86,IR,1697304691
40,chonchi,-42.6128,-73.8092,11.56,61,96,2.14,CL,1697304691
41,utrik,11.2278,169.8474,27.94,76,100,5.06,MH,1697304691
42,edinburgh of the seven seas,-37.0676,-12.3116,14.67,97,100,10.49,SH,1697304691
43,poretskoye,55.1974,46.3291,9.28,77,94,7.21,RU,1697304692
44,al qaryatayn,34.2296,37.2407,20.42,60,0,5.82,SY,1697304692
45,grytviken,-54.2811,-36.5092,-2.11,75,34,6.87,GS,1697304692
46,albany,42.6001,-73.9662,13.23,71,100,0.45,US,1697304428
47,petropavlovsk-kamchatsky,53.0452,158.6483,4.33,73,100,6.71,RU,1697304692
48,saipan,15.1355,145.701,27.39,83,100,4.63,MP,1697304553
49,constantia,44.1833,28.65,16.5,80,1,5.55,RO,1697304505
50,iqaluit,63.7506,-68.5145,1.85,74,75,4.12,CA,1697304693
51,hawaiian paradise park,19.5933,-154.9731,24.39,92,40,2.06,US,1697304693
52,ola,59.5833,151.2833,-1.44,71,27,2.8,RU,1697304694
53,selfoss,63.9331,-20.9971,0.02,94,91,0.97,IS,1697304694
54,santa vitoria,-18.8386,-50.1214,35.66,33,86,1.0,BR,1697304694
55,gorgan,36.8387,54.4348,14.98,82,40,0.0,IR,1697304694
56,bilibino,68.0546,166.4372,-10.58,97,100,0.98,RU,1697304489
57,kingston,17.997,-76.7936,32.53,66,20,2.57,JM,1697304535
58,lebu,-37.6167,-73.65,12.27,70,99,7.77,CL,1697304695
59,bredasdorp,-34.5322,20.0403,15.38,81,83,9.16,ZA,1697304571
60,lorengau,-2.0226,147.2712,27.36,77,99,0.87,PG,1697304696
61,dudinka,69.4058,86.1778,1.49,93,100,6.71,RU,1697304696
62,choibalsan,48.0667,114.5,1.71,52,9,4.4,MN,1697304696
63,kapuskasing,49.4169,-82.4331,7.05,93,100,4.63,CA,1697304542
64,whitehorse,60.7161,-135.0538,5.01,86,75,5.66,CA,1697304697
65,punta arenas,-53.15,-70.9167,11.06,50,75,13.38,CL,1697304697
66,yashkul',46.1711,45.3435,15.58,31,0,3.17,RU,1697304697
67,puerto natales,-51.7236,-72.4875,12.25,50,20,13.38,CL,1697304698
68,guerrero negro,27.9769,-114.0611,23.17,62,34,4.05,MX,1697304659
69,san luis de la loma,17.2706,-100.8939,29.65,75,46,1.76,MX,1697304598
70,okha,53.5739,142.9478,4.2,75,98,4.92,RU,1697304698
71,saldanha,-33.0117,17.9442,25.03,63,61,8.83,ZA,1697304625
72,magdagachi,53.45,125.8,-1.17,94,100,7.15,RU,1697304699
73,yellowknife,62.456,-114.3525,9.67,86,20,7.72,CA,1697304699
74,blackmans bay,-43.0167,147.3167,6.4,76,22,3.2,AU,1697304699
75,iwon-up,40.3231,128.6553,13.72,72,67,2.58,KP,1697304700
76,hithadhoo,-0.6,73.0833,27.55,75,7,3.14,MV,1697304576
77,ancud,-41.8697,-73.8203,10.22,67,85,3.49,CL,1697304637
78,ndikinimeki,4.7667,10.8333,20.11,99,76,1.17,CM,1697304700
79,codrington,-38.2667,141.9667,9.33,87,99,2.81,AU,1697304701
80,jamestown,42.097,-79.2353,8.9,93,100,5.66,US,1697304510
81,basoko,1.2391,23.616,25.57,81,77,2.23,CD,1697304701
82,uturoa,-16.7333,-151.4333,25.82,72,8,6.19,PF,1697304701
83,magadan,59.5667,150.8,-1.77,73,27,2.68,RU,1697304701
84,jau,-22.2964,-48.5578,29.03,50,64,5.83,BR,1697304702
85,saint-pierre,-21.3393,55.4781,23.82,73,100,3.09,RE,1697304702
86,college,64.8569,-147.8028,-1.17,87,100,0.0,US,1697304526
87,touros,-5.1989,-35.4608,29.07,61,9,7.85,BR,1697304702
88,cururupu,-1.8283,-44.8683,30.64,57,64,3.48,BR,1697304703
89,sydney mines,46.2367,-60.2177,14.39,89,100,8.23,CA,1697304703
90,kuta,-8.7233,115.1723,26.97,88,20,3.13,ID,1697304703
91,thinadhoo,0.5333,72.9333,27.67,72,6,2.74,MV,1697304703
92,mamuju,-2.6748,118.8885,26.54,87,100,1.78,ID,1697304704
93,keflavik,64.0049,-22.5624,4.95,75,75,5.14,IS,1697304408
94,conceicao da barra,-18.5933,-39.7322,28.81,58,100,3.87,BR,1697304704
95,vila franca do campo,37.7167,-25.4333,23.82,99,47,5.16,PT,1697304503
96,georgetown,5.4112,100.3354,27.23,92,40,2.57,MY,1697304519
97,antonio enes,-16.2325,39.9086,26.94,77,1,7.63,MZ,1697304694
98,suva,-18.1416,178.4415,23.71,94,75,2.57,FJ,1697304705
99,papao,-17.75,-149.55,25.82,74,63,5.85,PF,1697304705
100,coxen hole,16.3244,-86.5366,31.6,79,20,2.06,HN,1697304706
101,talnakh,69.4865,88.3972,1.23,92,99,3.01,RU,1697304706
102,villa gesell,-37.2639,-56.973,14.63,64,30,7.03,AR,1697304706
103,chadan,51.2833,91.5833,7.47,69,100,1.39,RU,1697304706
104,chom bueng,13.62,99.5917,23.82,93,99,1.65,TH,1697304707
105,tolanaro,-25.0319,46.9987,24.04,83,20,1.03,MG,1697304707
106,khandyga,62.6667,135.6,-12.47,98,100,0.78,RU,1697304707
107,ilulissat,69.2167,-51.1,-1.99,80,100,7.2,GL,1697304708
108,margaret river,-33.95,115.0667,12.56,83,36,5.74,AU,1697304708
109,qaqortoq,60.7167,-46.0333,6.43,50,65,2.54,GL,1697304708
110,vadso,70.0744,29.7487,1.09,86,100,7.72,NO,1697304708
111,port lincoln,-34.7333,135.8667,13.63,71,99,4.88,AU,1697304708
112,ushuaia,-54.8,-68.3,7.81,61,0,11.32,AR,1697304709
113,nouadhibou,20.931,-17.0347,30.99,48,23,6.17,MR,1697304709
114,stanley,54.868,-1.6985,7.25,76,26,5.34,GB,1697304580
115,hami,42.8,93.45,17.89,23,26,0.73,CN,1697304709
116,kuala kedah,6.1,100.3,25.0,94,40,2.57,MY,1697304710
117,la passe,45.5549,-0.8967,17.13,60,40,4.56,FR,1697304710
118,turpan,42.9333,89.1667,21.5,28,76,1.15,CN,1697304710
119,cannonvale,-20.2833,148.7,21.66,82,66,2.3,AU,1697304711
120,udachny,66.4167,112.4,-10.64,90,5,1.43,RU,1697304711
121,nabire,-3.3667,135.4833,24.17,90,100,1.11,ID,1697304711
122,orshanka,56.9161,47.8933,8.81,84,100,6.04,RU,1697304712
123,novyy urengoy,66.0833,76.6333,2.84,97,100,2.3,RU,1697304693
124,isangel,-19.55,169.2667,22.9,88,100,4.01,VU,1697304712
125,kyshtovka,56.555,76.6271,6.3,69,100,5.81,RU,1697304712
126,aasiaat,68.7098,-52.8699,-2.65,63,86,8.69,GL,1697304712
127,howard springs,-12.497,131.047,27.95,75,64,1.2,AU,1697304713
128,kone,-21.0595,164.8658,20.47,93,82,1.47,NC,1697304713
129,scunthorpe,53.579,-0.6544,9.88,80,67,4.02,GB,1697304713
130,kapa'a,22.0752,-159.319,23.94,91,75,1.54,US,1697304713
131,iquique,-20.2208,-70.1431,19.96,68,22,2.52,CL,1697304713
132,weno,7.4515,151.8468,28.97,84,100,3.6,FM,1697304714
133,plettenberg bay,-34.0527,23.3716,15.37,83,49,6.85,ZA,1697304714
134,herkimer,43.0256,-74.986,13.76,79,100,1.31,US,1697304714
135,raduzhny,62.0961,77.475,4.06,80,84,5.48,RU,1697304572
136,takai,11.5833,9.1167,30.67,21,11,3.22,NG,1697304715
137,bukama,-9.2,25.85,24.93,71,69,0.31,CD,1697304715
138,constitucion,-35.3333,-72.4167,16.09,60,4,6.19,CL,1697304715
139,pandan,14.0453,124.1694,26.79,83,53,3.48,PH,1697304715
140,birao,10.2849,22.7882,28.29,47,24,1.16,CF,1697304716
141,natchez,31.5604,-91.4032,19.12,48,0,4.63,US,1697304716
142,vinh,18.6667,105.6667,24.07,89,99,2.96,VN,1697304716
143,maragogi,-9.0122,-35.2225,27.7,67,84,5.49,BR,1697304519
144,ormara,25.2088,64.6357,27.26,81,0,6.09,PK,1697304716
145,flying fish cove,-10.4217,105.6791,24.82,94,100,3.6,CX,1697304717
146,adelaide,-34.9333,138.6,13.71,80,75,5.14,AU,1697304539
147,sao joao da barra,-21.6403,-41.0511,24.05,83,100,6.17,BR,1697304640
148,colac,-38.3333,143.5833,7.69,72,100,2.64,AU,1697304717
149,san andres,12.5847,-81.7006,33.01,70,20,3.09,CO,1697304539
150,mezhova,48.2532,36.7347,12.79,76,52,3.74,UA,1697304718
151,bosaso,11.2842,49.1816,28.58,77,16,2.5,SO,1697304718
152,hadibu,12.65,54.0333,27.33,78,49,2.86,YE,1697304718
153,vilyuchinsk,52.9306,158.4028,5.15,95,100,2.65,RU,1697304610
154,mersing,2.4312,103.8405,26.95,89,20,2.57,MY,1697304719
155,ribeira grande,38.5167,-28.7,22.22,78,20,3.58,PT,1697304719
156,alaghsas,17.0187,8.0168,34.94,12,34,9.77,NE,1697304719
157,hobyo,5.3505,48.5268,27.98,78,9,5.29,SO,1697304720
158,beykonak,36.3257,30.303,21.93,74,1,2.35,TR,1697304682
159,lerwick,60.1545,-1.1494,6.0,73,80,14.65,GB,1697304589
160,lihue,21.9789,-159.3672,23.53,92,75,1.54,US,1697304720
161,belmonte,-15.8631,-38.8828,27.54,67,16,4.34,BR,1697304721
162,st. john's,47.5649,-52.7093,13.87,98,100,5.66,CA,1697304462
163,martapura,-3.4167,114.85,26.05,100,100,1.03,ID,1697304721
164,sarangani,5.4033,125.4636,28.13,73,42,1.76,PH,1697304722
165,ebon,4.582,168.6964,28.8,73,88,3.35,MH,1697304722
166,peniche,39.3558,-9.3811,21.71,85,84,4.27,PT,1697304718
167,solleftea,63.1667,17.2667,4.92,96,92,4.8,SE,1697304722
168,nova sintra,14.8667,-24.7167,25.9,77,100,5.47,CV,1697304585
169,pacific grove,36.6177,-121.9166,17.53,81,75,1.79,US,1697304594
170,ponta delgada,37.7333,-25.6667,22.4,83,75,5.14,PT,1697304723
171,moundou,8.5667,16.0833,27.11,71,93,2.28,TD,1697304723
172,rongelap,11.1635,166.8941,28.12,76,90,3.09,MH,1697304723
173,narrabri,-30.3167,149.7833,13.68,53,0,3.08,AU,1697304724
174,igarka,67.4667,86.5833,1.17,98,100,6.5,RU,1697304724
175,longyearbyen,78.2186,15.6401,0.91,64,75,10.29,SJ,1697304724
176,pont rouge,48.8833,-72.0825,12.06,68,94,4.51,CA,1697304725
177,concepcion,-36.827,-73.0498,16.89,51,0,4.63,CL,1697304725
178,yuzhno-kurilsk,44.0306,145.8556,14.1,69,100,2.41,RU,1697304591
179,yarmouth,41.7057,-70.2286,17.2,68,0,3.09,US,1697304726
180,citra,29.4119,-82.1098,26.69,82,12,4.16,US,1697304726
181,tamaqua,40.7973,-75.9694,9.02,94,100,1.54,US,1697304726
182,elmali,36.7358,29.9177,13.84,77,64,0.95,TR,1697304727
183,midvagur,62.0511,-7.1939,2.46,64,100,11.32,FO,1697304727
184,wailua homesteads,22.0669,-159.378,23.19,92,75,1.54,US,1697304727
185,cocoa beach,28.32,-80.6076,29.05,71,0,5.66,US,1697304728
186,zeya,53.75,127.2667,5.27,92,100,1.87,RU,1697304728
187,naze,28.3667,129.4833,21.51,83,37,4.59,JP,1697304728
188,hauterive,46.0901,3.4459,15.42,61,52,1.59,FR,1697304728
189,gadzhiyevo,69.2551,33.3362,1.31,79,100,9.22,RU,1697304632
190,la libertad,-2.2333,-80.9,28.81,70,75,4.12,EC,1697304729
191,isafjordur,66.0755,-23.124,0.02,74,100,1.03,IS,1697304729
192,vorgashor,67.5833,63.95,-0.68,81,94,5.34,RU,1697304729
193,tezu,27.9167,96.1667,20.91,75,20,1.58,IN,1697304730
194,bardai,11.65,7.2333,28.24,29,82,2.65,NG,1697304730
195,thompson,55.7435,-97.8558,11.09,71,20,3.09,CA,1697304730
196,letterkenny,54.95,-7.7333,9.96,80,50,3.2,IE,1697304730
197,takikawa,43.5528,141.9064,10.87,86,98,0.88,JP,1697304731
198,tucumcari,35.1717,-103.725,10.52,53,0,2.57,US,1697304731
199,sitia,35.2,26.0986,22.21,68,4,2.48,GR,1697304731
200,auki,-8.7676,160.7034,24.83,91,70,1.61,SB,1697304731
201,fortaleza,-3.7227,-38.5247,30.07,66,20,8.75,BR,1697304732
202,atafu village,-8.5421,-172.5159,28.77,73,97,10.39,TK,1697304732
203,tabas,33.5959,56.9244,26.12,27,15,3.09,IR,1697304732
204,badger,64.8,-147.5333,-0.66,88,75,0.0,US,1697304732
205,moya,28.0906,-15.5883,25.93,43,44,2.11,ES,1697304733
206,samamiya,11.3487,9.6399,30.21,23,69,1.95,NG,1697304733
207,anadyr,64.75,177.4833,0.28,80,100,1.79,RU,1697304733
208,embi,48.8264,58.1442,10.66,59,97,4.64,KZ,1697304733
209,aljezur,37.3191,-8.8033,19.34,86,25,4.2,PT,1697304734
210,san clemente del tuyu,-36.3569,-56.7235,17.77,59,33,4.56,AR,1697304734
211,bogotol,56.2078,89.5342,4.51,66,86,5.53,RU,1697304734
212,juneau,58.3019,-134.4197,12.34,92,100,8.23,US,1697304734
213,aldinga beach,-35.2793,138.4604,13.9,80,96,4.06,AU,1697304735
214,am timan,11.0297,20.2827,29.41,42,19,0.88,TD,1697304735
215,obo,5.3998,26.4869,22.05,90,88,0.43,CF,1697304735
216,pathein,16.7833,94.7333,24.67,91,7,2.14,MM,1697304736
217,daru,-9.0763,143.2092,25.2,87,95,6.39,PG,1697304736
218,choma,-16.8065,26.9531,27.11,31,85,2.38,ZM,1697304736
219,berezovyy,51.6667,135.7,6.72,86,31,1.71,RU,1697304737
220,ende,-8.8432,121.6623,24.78,84,48,1.16,ID,1697304737
221,huarmey,-10.0681,-78.1522,22.45,73,49,4.98,PE,1697304737
222,dryden,49.7833,-92.7503,5.16,87,100,2.06,CA,1697304737
223,bamboo flat,11.7,92.7167,25.05,100,40,0.0,IN,1697304738
224,crescent city,41.756,-124.2018,15.82,99,100,3.09,US,1697304738
225,winnipeg,49.8844,-97.147,10.57,63,100,1.34,CA,1697304601
226,sumbawa besar,-8.5,117.4333,23.35,77,45,1.82,ID,1697304739
227,minas de marcona,-15.2119,-75.1103,21.43,52,66,5.25,PE,1697304544
228,agat village,13.3886,144.6585,24.52,94,100,0.0,GU,1697304739
229,susurluk,39.9136,28.1578,16.88,62,69,0.77,TR,1697304739
230,hasaki,35.7333,140.8333,17.94,86,100,7.33,JP,1697304740
231,kerikeri,-35.2268,173.9474,16.06,93,87,0.45,NZ,1697304583
232,grand-bassam,5.2118,-3.7388,27.98,86,75,3.27,CI,1697304740
233,nogliki,51.8333,143.1667,7.97,77,80,5.36,RU,1697304740
234,sisimiut,66.9395,-53.6735,-0.57,78,94,6.13,GL,1697304741
235,nantucket,41.2835,-70.0995,16.08,65,0,3.6,US,1697304611
236,holualoa,19.6228,-155.9522,21.91,79,40,3.13,US,1697304562
237,klaksvik,62.2266,-6.589,2.51,69,100,14.42,FO,1697304741
238,tomball,30.0972,-95.6161,20.96,47,0,4.63,US,1697304600
239,tadine,-21.55,167.8833,21.2,92,80,4.44,NC,1697304741
240,barra de santo antonio,-9.4047,-35.5072,27.6,69,88,5.24,BR,1697304615
241,san antonio de pale,-1.4014,5.6325,25.74,84,95,6.33,GQ,1697304742
242,saint-yrieix-la-perche,45.516,1.2057,13.31,81,59,1.36,FR,1697304742
243,charters towers,-20.1,146.2667,17.68,91,52,3.52,AU,1697304742
244,tinghir,31.5157,-5.5343,20.33,37,98,2.66,MA,1697304743
245,vicuna,-30.0319,-70.7081,29.87,22,0,4.32,CL,1697304685
246,nar'yan-mar,67.6713,53.087,-2.16,93,65,1.79,RU,1697304743
247,wasserburg am inn,48.0605,12.2313,14.8,90,95,4.13,DE,1697304743
248,tacuarembo,-31.7333,-55.9833,20.43,49,11,5.47,UY,1697304744
249,yashkino,55.8736,85.4265,6.06,63,100,5.27,RU,1697304744
250,meulaboh,4.1363,96.1285,24.33,90,99,1.01,ID,1697304744
251,kalamata,37.0389,22.1142,22.28,57,40,2.68,GR,1697304744
252,mili,6.0815,171.735,28.62,71,99,3.92,MH,1697304745
253,hammerfest,70.6634,23.6821,-1.75,86,20,2.57,NO,1697304745
254,tosontsengel,48.7567,98.2839,4.9,58,26,1.02,MN,1697304745
255,mejit,10.2753,170.8646,27.6,76,95,4.27,MH,1697304745
256,acucena,-19.0731,-42.5464,27.29,53,91,3.84,BR,1697304746
257,ventspils,57.3894,21.5606,11.96,71,40,11.83,LV,1697304746
258,cascais,38.6979,-9.4215,23.92,74,20,5.14,PT,1697304746
259,piacabucu,-10.4056,-36.4344,27.63,67,79,6.11,BR,1697304746
260,nadi,-17.8,177.4167,24.0,83,40,2.06,FJ,1697304747
261,asahikawa,43.7678,142.3703,10.38,74,100,1.24,JP,1697304747
262,haiku-pauwela,20.9219,-156.3051,25.58,83,20,2.06,US,1697304747
263,cidreira,-30.1811,-50.2056,18.16,74,9,7.3,BR,1697304747
264,somerset,40.5668,-74.5496,11.58,88,100,1.54,US,1697304747
265,phan rang-thap cham,11.5667,108.9833,25.12,91,92,1.34,VN,1697304553
266,arawa,-6.2132,155.5367,24.57,92,48,0.82,PG,1697304748
267,west odessa,31.8424,-102.4988,13.01,41,0,4.63,US,1697304748
268,jatiroto,-7.8833,111.1167,24.12,80,83,0.31,ID,1697304749
269,saint-philippe,-21.3585,55.7679,23.77,81,67,5.03,RE,1697304749
270,arvika,59.6553,12.5852,9.34,66,41,5.53,SE,1697304749
271,bodo,67.28,14.405,6.02,61,0,2.06,NO,1697304732
272,sabha,27.0377,14.4283,26.03,22,3,3.47,LY,1697304749
273,mooloolaba,-26.6833,153.1167,18.92,91,3,0.45,AU,1697304750
274,rudnya,54.947,31.0934,16.85,68,59,8.12,RU,1697304750
275,nsunga,-1.1439,31.3947,20.94,67,46,1.27,TZ,1697304750
276,kirakira,-10.4544,161.9205,26.08,87,13,2.37,SB,1697304659
277,shakawe,-18.3667,21.85,28.92,30,74,1.24,BW,1697304751
278,igrim,63.1906,64.4162,6.12,85,95,3.58,RU,1697304751
279,aykhal,66.0,111.5,-11.07,92,17,0.89,RU,1697304751
280,blackwater,-23.5833,148.8833,17.05,100,0,3.02,AU,1697304751
281,sake,-1.5736,29.045,23.34,88,85,0.42,CD,1697304633
282,mata-utu,-13.2816,-176.1745,27.44,78,52,9.06,WF,1697304752
283,muncar,-8.4333,114.3333,23.52,94,40,0.36,ID,1697304752
284,buala,-8.145,159.5921,26.41,87,57,3.16,SB,1697304752
285,waynesboro,38.0685,-78.8895,17.97,91,100,1.54,US,1697304753
286,takoradi,4.8845,-1.7554,25.9,88,66,4.67,GH,1697304753
287,kodiak,57.79,-152.4072,0.73,93,75,3.09,US,1697304577
288,arvayheer,46.2639,102.775,3.08,60,46,2.36,MN,1697304753
289,sao felix do xingu,-6.6447,-51.995,36.78,24,39,0.39,BR,1697304753
290,isla vista,34.4133,-119.861,26.86,61,100,1.54,US,1697304754
291,tura,25.5198,90.2201,20.78,86,0,1.29,IN,1697304555
292,chadron,42.8294,-102.9999,6.03,73,0,0.0,US,1697304754
293,kristiansund,63.1115,7.732,8.03,87,75,5.66,NO,1697304755
294,trairi,-3.2778,-39.2689,30.01,58,45,7.25,BR,1697304755
295,sitka,57.0531,-135.33,12.94,76,100,9.26,US,1697304755
296,cockburn town,21.4612,-71.1419,28.85,72,85,1.93,TC,1697304755
297,bereznik,62.8551,42.7072,6.06,91,100,5.86,RU,1697304755
298,lock haven,41.137,-77.4469,9.43,99,100,2.68,US,1697304663
299,louhans,46.6667,5.1667,14.01,92,83,1.17,FR,1697304756
300,yartsevo,55.0667,32.6964,15.93,73,35,6.91,RU,1697304756
301,fortuna,40.5982,-124.1573,17.74,90,0,3.09,US,1697304756
302,masterton,-40.9597,175.6575,11.6,73,25,5.86,NZ,1697304757
303,lobujya,27.95,86.8167,-6.85,44,16,0.78,NP,1697304757
304,baise city,23.8997,106.6133,18.36,90,2,1.22,CN,1697304757
305,yemva,62.59,50.8594,2.81,96,94,4.02,RU,1697304757
306,tefe,-3.3542,-64.7114,32.06,66,40,2.57,BR,1697304758
307,polyarnyy,69.1989,33.4478,1.47,80,100,9.21,RU,1697304758
308,leck,54.7669,8.9785,11.01,75,38,10.82,DE,1697304758
309,port-vila,-17.7338,168.3219,24.78,83,100,4.12,VU,1697304759
310,n'zeto,-7.2312,12.8666,25.16,82,87,4.24,AO,1697304759
311,jaru,-10.4389,-62.4664,37.59,30,38,1.28,BR,1697304759
312,bari,41.1177,16.8512,24.15,64,45,2.68,IT,1697304759
313,yerofey pavlovich,53.9667,121.9667,0.09,52,100,6.59,RU,1697304760
314,buon ma thuot,12.6667,108.05,20.95,99,97,1.1,VN,1697304760
315,alofi,-19.0595,-169.9187,21.94,94,25,2.06,NU,1697304760
316,santa cruz,-17.8,-63.1667,32.03,29,49,6.69,BO,1697304719
317,farafenni,13.5667,-15.6,30.27,69,100,1.6,GM,1697304760
318,susuman,62.7833,148.1667,-12.79,95,90,0.45,RU,1697304761
319,port elizabeth,-33.918,25.5701,15.17,83,20,1.54,ZA,1697304761
320,gazojak,41.1875,61.4036,12.16,33,0,4.06,TM,1697304761
321,namibe,-15.1961,12.1522,18.87,78,99,4.36,AO,1697304761
322,vila velha,-20.3297,-40.2925,24.97,87,75,6.69,BR,1697304761
323,chazuta,-6.5742,-76.1367,29.47,99,100,0.66,PE,1697304762
324,chabahar,25.2919,60.643,27.66,80,0,3.49,IR,1697304762
325,nadym,65.5333,72.5167,0.99,99,100,5.24,RU,1697304762
326,tanjung pinang,0.9167,104.45,27.02,74,49,3.9,ID,1697304762
327,mazamari,-11.3258,-74.5308,28.93,66,100,1.73,PE,1697304763
328,qamdo,31.1667,97.2333,-0.73,58,66,0.5,CN,1697304651
329,altai,46.3722,96.2583,6.85,34,85,1.9,MN,1697304763
330,upington,-28.4478,21.2561,25.21,19,0,1.54,ZA,1697304611
331,luanda,-8.8368,13.2343,25.0,83,75,4.63,AO,1697304477
332,san luis,-33.295,-66.3356,26.03,16,0,1.76,AR,1697304764
333,rikaze,29.25,88.8833,8.94,30,71,1.99,CN,1697304519
334,tres arroyos,-38.3739,-60.2798,22.44,22,75,6.89,AR,1697304716
335,kismayo,-0.3582,42.5454,26.63,85,20,5.55,SO,1697304482
336,cabedelo,-6.9811,-34.8339,29.37,65,82,7.09,BR,1697304764
337,gurupa,-1.405,-51.64,39.5,25,18,1.92,BR,1697304765
338,nahiyat al fuhud,30.9697,46.7228,32.28,21,2,4.59,IQ,1697304765
339,chatra,24.2167,84.8667,20.35,74,1,2.11,IN,1697304765
340,kralendijk,12.15,-68.2667,32.99,66,40,6.17,BQ,1697304765
341,doka,13.5167,35.7667,29.18,41,3,2.02,SD,1697304766
342,sussex,41.1834,-74.6663,9.53,92,100,0.0,US,1697304766
343,mar del plata,-38.0023,-57.5575,18.01,76,0,4.63,AR,1697304766
344,aqadyr,48.2553,72.8483,6.32,54,73,6.51,KZ,1697304766
345,tromso,69.6496,18.957,2.01,64,75,5.66,NO,1697304767
346,tiksi,71.6872,128.8694,-10.35,94,100,3.78,RU,1697304767
347,as sulayyil,20.4607,45.5779,31.14,16,1,3.35,SA,1697304767
348,san julian,21.0167,-102.1667,24.5,39,73,5.53,MX,1697304767
349,east london,-33.0153,27.9116,16.52,82,75,3.6,ZA,1697304768
350,saguenay,48.4168,-71.0657,13.06,62,75,5.14,CA,1697304768
351,bentiu,9.2333,29.8333,24.23,87,91,3.33,SS,1697304768
352,coari,-4.085,-63.1414,38.52,30,40,0.12,BR,1697304768
353,ceres,37.5949,-120.9577,20.58,31,76,2.1,US,1697304769
354,puerto aysen,-45.4,-72.7,9.47,89,100,1.66,CL,1697304769
355,marquette,46.5333,-87.6335,8.21,90,100,3.13,US,1697304769
356,huilong,31.8111,121.655,18.29,77,24,3.32,CN,1697304769
357,osby,56.3816,13.9936,9.45,72,59,8.14,SE,1697304770
358,senanga,-16.1167,23.2667,27.17,40,57,2.3,ZM,1697304770
359,la ronge,55.1001,-105.2842,9.14,71,75,5.14,CA,1697304770
360,kruisfontein,-34.0033,24.7314,12.84,81,57,2.98,ZA,1697304771
361,arraial do cabo,-22.9661,-42.0278,22.98,73,75,8.23,BR,1697304535
362,horsham,51.064,-0.3272,11.68,69,20,3.09,GB,1697304771
363,santa cecilia,-26.9608,-50.4269,11.16,94,100,1.82,BR,1697304771
364,port-gentil,-0.7193,8.7815,26.98,89,40,6.69,GA,1697304772
365,huaihua,27.5494,109.9592,16.41,79,0,0.22,CN,1697304772
366,ulsteinvik,62.3432,5.8487,9.86,85,100,6.26,NO,1697304772
367,sabang,5.8933,95.3214,27.29,79,99,5.72,ID,1697304772
368,hotan,37.0997,79.9269,15.04,29,100,2.06,CN,1697304773
369,castillos,-34.1667,-53.8333,17.3,44,7,4.85,UY,1697304773
370,abra pampa,-22.7205,-65.697,24.31,3,23,3.2,AR,1697304773
371,frontera,26.9333,-101.45,16.86,94,75,5.14,MX,1697304773
372,kavieng,-2.5744,150.7967,27.36,81,93,2.05,PG,1697304773
373,tremp,42.167,0.8949,23.15,47,82,2.37,ES,1697304490
374,edd,13.9297,41.6925,31.56,60,9,7.04,ER,1697304774
375,la'ie,21.6477,-157.9253,25.23,87,5,2.69,US,1697304774
376,iskushuban,10.2837,50.23,26.57,75,15,5.64,SO,1697304774
377,payyannur,12.1,75.2,25.64,86,14,0.4,IN,1697304774
378,laayoune,27.1622,-13.2032,36.19,11,0,8.23,EH,1697304775
379,batie,9.8833,-2.9167,28.87,60,38,1.61,BF,1697304775
380,lompoc,34.6391,-120.4579,23.29,84,0,0.0,US,1697304676
381,comayagua,14.45,-87.6333,32.4,54,62,1.02,HN,1697304607
382,isiro,2.7739,27.616,20.45,99,97,2.28,CD,1697304776
383,ensisheim,47.867,7.3521,14.27,65,83,2.75,FR,1697304776
384,kidal,18.4411,1.4078,34.04,11,6,4.24,ML,1697304776
385,portland,45.5234,-122.6762,14.6,95,40,2.57,US,1697304570
386,hualien city,23.9769,121.6044,23.34,89,89,3.26,TW,1697304777
387,tra mhor,52.1624,-7.1524,10.61,72,20,1.79,IE,1697304777
388,el calafate,-50.3408,-72.2768,9.23,64,4,3.78,AR,1697304777
389,kolonia,50.9333,6.95,11.99,81,75,5.14,DE,1697304778
390,fale old settlement,-9.3852,-171.2468,28.69,76,63,9.47,TK,1697304778
391,kovel,51.2153,24.7087,19.33,56,20,6.23,UA,1697304778
392,ust'-ilimsk,58.0006,102.6619,4.69,74,100,4.02,RU,1697304778
393,novi pazar,43.1367,20.5122,16.08,57,8,1.37,RS,1697304778
394,taguatinga,-12.3857,-46.5711,42.95,12,7,1.84,BR,1697304779
395,bayburt,40.2589,40.2278,10.77,30,0,1.26,TR,1697304779
396,floro,61.5996,5.0328,8.98,71,100,13.89,NO,1697304779
397,ghazni,33.5536,68.4269,11.49,41,48,0.59,AF,1697304779
398,lazaro cardenas,17.9583,-102.2,29.67,71,37,0.29,MX,1697304572
399,kayangel,8.0823,134.7173,28.18,78,22,5.21,PW,1697304780
400,uige,-7.6087,15.0613,21.62,90,100,2.04,AO,1697304780
401,imperatriz,-5.5264,-47.4917,40.43,17,33,3.94,BR,1697304780
402,nikel,69.4128,30.222,0.1,86,100,9.89,RU,1697304781
403,margate,51.3813,1.3862,11.6,64,6,1.34,GB,1697304591
404,jijel,36.8205,5.7667,26.97,36,20,2.06,DZ,1697304781
405,queenstown,-31.8976,26.8753,10.38,79,31,4.31,ZA,1697304781
406,lospalos,-8.5186,127.0025,21.48,93,79,2.36,TL,1697304782
407,cadale,2.7603,46.3222,26.78,86,9,5.34,SO,1697304782
408,villa huidobro,-34.8383,-64.5869,27.58,16,0,7.52,AR,1697304782
409,egilsstadir,65.2653,-14.3948,-1.05,59,0,1.54,IS,1697304783
410,peace river,56.2501,-117.286,7.17,87,75,1.54,CA,1697304653
411,altay,47.8667,88.1167,7.52,85,100,0.83,CN,1697304783
412,zhanaozen,43.3,52.8,12.94,33,100,3.74,KZ,1697304784
413,porto velho,-8.7619,-63.9039,32.03,55,40,5.14,BR,1697304784
414,jayapura,-2.5333,140.7,23.66,93,56,1.24,ID,1697304784
415,gizo,-8.103,156.8419,27.04,80,74,1.37,SB,1697304785
416,baoshan,46.5586,131.4244,10.58,73,8,3.27,CN,1697304785
417,posto fiscal rolim de moura,-13.0833,-62.2667,41.9,23,37,1.09,BR,1697304785
418,muntok,-2.0667,105.1833,26.11,81,89,3.29,ID,1697304786
419,happy valley-goose bay,53.3168,-60.3315,8.17,87,100,11.32,CA,1697304559
420,kattivakkam,13.2167,80.3167,28.93,84,46,3.08,IN,1697304786
421,sinan,34.8262,126.1086,17.06,66,0,7.76,KR,1697304787
422,sanibel,26.449,-82.0223,30.59,79,53,2.24,US,1697304787
423,lodwar,3.1191,35.5973,33.37,34,48,6.9,KE,1697304787
424,vieste,41.8825,16.175,23.13,68,36,4.45,IT,1697304787
425,san jose del guaviare,2.5729,-72.6459,32.55,52,94,1.42,CO,1697304788
426,anta,25.15,76.3,28.0,37,27,3.07,IN,1697304788
427,shanting,35.0753,117.4578,15.3,41,0,0.74,CN,1697304788
428,xiulin,29.7167,112.4,18.81,62,0,1.85,CN,1697304788
429,albertina,-22.2008,-46.6158,25.85,63,99,0.55,BR,1697304789
430,mazatlan,23.2167,-106.4167,29.95,73,20,2.06,MX,1697304711
431,shingu,33.7333,135.9833,17.21,96,100,3.87,JP,1697304789
432,al burayqah,30.4062,19.5739,23.47,67,0,4.3,LY,1697304789
433,padang,-0.9492,100.3543,25.03,92,65,1.25,ID,1697304790
434,tazacorte,28.629,-17.9293,28.54,61,0,3.09,ES,1697304790
435,kendari,-3.945,122.4989,23.42,94,55,0.98,ID,1697304790
436,bel ombre,-4.6167,55.4167,25.91,94,40,4.12,SC,1697304584
437,rabaul,-4.1967,152.1721,25.78,84,64,3.0,PG,1697304791
438,conduaga,8.862,117.4893,26.24,88,78,1.99,PH,1697304791
439,alpine,32.835,-116.7664,25.52,39,0,2.06,US,1697304791
440,valparaiso,-33.0393,-71.6273,18.13,66,20,5.14,CL,1697304791
441,togur,58.3631,82.8265,5.08,80,100,6.26,RU,1697304792
442,luganville,-15.5333,167.1667,24.72,91,86,3.2,VU,1697304792
443,new norfolk,-42.7826,147.0587,7.06,71,48,3.03,AU,1697304792
444,ballina,-28.8667,153.5667,16.55,89,6,2.96,AU,1697304792
445,pisco,-13.7,-76.2167,21.12,78,0,5.14,PE,1697304793
446,carnarvon,-24.8667,113.6333,24.05,55,14,7.07,AU,1697304793
447,djibo,14.1022,-1.6306,36.55,13,27,3.35,BF,1697304793
448,arkadelphia,34.1209,-93.0538,15.87,55,0,3.6,US,1697304793
449,wang saphung,17.301,101.7685,22.86,94,84,0.72,TH,1697304794
450,colgong,25.2667,87.2167,23.52,70,0,1.84,IN,1697304794
451,callao,-12.0667,-77.15,22.16,68,0,4.12,PE,1697304794
452,taichung,24.1469,120.6839,25.27,75,75,3.09,TW,1697304794
453,cabrero,-37.0333,-72.4,17.97,31,99,2.86,CL,1697304795
454,baharly,38.4362,57.4316,16.66,33,29,2.35,TM,1697304795
455,harstad,68.799,16.5293,3.66,88,99,9.83,NO,1697304795
456,comodoro rivadavia,-45.8667,-67.5,17.92,29,0,5.14,AR,1697304795
457,flin flon,54.7682,-101.865,8.91,81,20,1.03,CA,1697304795
458,puerto armuelles,8.2833,-82.8667,29.99,74,94,2.24,PA,1697304796
459,den burg,53.0542,4.7972,11.99,60,75,7.2,NL,1697304796
460,northam,51.0333,-4.2167,10.9,72,38,6.4,GB,1697304796
461,ndele,8.4109,20.6473,23.13,94,95,1.43,CF,1697304796
462,ad dabbah,18.05,30.95,34.02,13,0,4.71,SD,1697304797
463,kushiro,42.975,144.3747,11.48,79,93,1.07,JP,1697304612
464,matoury,4.8483,-52.3317,33.98,59,20,5.66,GF,1697304797
465,itoman,26.1247,127.6694,25.01,69,40,4.63,JP,1697304798
466,arteche,12.2645,125.4048,25.69,89,65,1.53,PH,1697304798
467,seaside,36.6111,-121.8516,17.99,78,75,0.89,US,1697304729
468,mount gambier,-37.8333,140.7667,9.39,93,100,1.77,AU,1697304799
469,amahai,-3.3333,128.9167,25.94,89,99,1.48,ID,1697304799
470,phirangipuram,16.3,80.2667,24.67,81,27,1.31,IN,1697304799
471,nagqu,31.5,92.0,-1.93,61,81,1.23,CN,1697304799
472,mildura,-34.2,142.15,8.93,84,81,3.08,AU,1697304800
473,westport,41.1415,-73.3579,12.07,86,100,1.54,US,1697304800
474,enoch,37.7733,-113.0244,15.82,49,0,0.0,US,1697304800
475,greenville,35.6127,-77.3663,24.01,93,100,0.0,US,1697304517
476,palmas de monte alto,-14.2672,-43.1619,38.05,17,68,5.51,BR,1697304801
477,kenai,60.5544,-151.2583,3.97,98,100,2.57,US,1697304801
478,enewetak,11.3474,162.3373,28.31,73,98,2.63,MH,1697304801
479,jabor,5.921,169.6434,28.12,74,100,5.67,MH,1697304801
480,senador guiomard,-10.1522,-67.7392,30.86,38,78,1.93,BR,1697304802
481,acarau,-2.8856,-40.12,30.63,58,16,8.89,BR,1697304802
482,ewing,40.2698,-74.7999,11.97,93,100,4.12,US,1697304802
483,joanopolis,-22.9303,-46.2756,19.45,84,99,2.87,BR,1697304803
484,mancora,-4.1078,-81.0475,26.16,63,94,4.53,PE,1697304803
485,alindao,5.0267,21.2088,23.44,94,98,1.83,CF,1697304803
486,opuwo,-18.0607,13.84,25.89,24,82,4.11,NA,1697304803
487,ta`u,-14.2336,-169.5144,26.64,79,58,8.52,AS,1697304803
488,sorsk,54.0033,90.2467,2.19,53,87,1.51,RU,1697304804
489,amga,60.8953,131.9608,-3.9,81,100,2.68,RU,1697304804
490,zhanibek,49.4167,46.85,12.16,83,18,3.31,KZ,1697304804
491,sosua,19.7667,-70.5167,34.99,74,20,4.12,DO,1697304804
492,nelson bay,-32.7167,152.15,18.33,65,0,6.26,AU,1697304805
493,vernon,50.2581,-119.2691,10.2,76,96,1.03,CA,1697304608
494,nampula,-15.1165,39.2666,28.97,61,20,8.23,MZ,1697304805
495,nyrob,60.733,56.7202,4.1,90,100,5.81,RU,1697304806
496,colonia,50.9333,6.95,11.65,80,20,5.66,DE,1697304513
497,taksimo,56.3444,114.8794,0.4,62,38,2.68,RU,1697304806
498,gay,51.4666,58.4552,8.84,81,30,3.05,RU,1697304806
499,danilovka,50.3557,44.1168,10.46,72,33,3.15,RU,1697304806
500,canutama,-6.5339,-64.3831,41.25,24,13,0.82,BR,1697304807
501,jutai,-5.1833,-68.9,37.53,32,74,1.08,BR,1697304807
502,sidney,-33.8679,151.2073,17.06,54,11,4.63,AU,1697304651
503,kiama,-34.6833,150.8667,16.11,66,45,2.24,AU,1697304807
504,varna,43.2167,27.9167,17.47,88,40,1.03,BG,1697304664
505,viedma,-40.8135,-62.9967,24.12,21,88,7.71,AR,1697304808
506,tauranga,-37.6861,176.1667,14.41,91,99,1.34,NZ,1697304808
507,kayyerkan,69.3786,87.7439,1.28,100,99,3.85,RU,1697304808
508,whitecourt,54.1502,-115.6855,6.58,93,100,2.57,CA,1697304693
509,brisas de zicatela,15.8369,-97.0419,30.29,54,75,1.54,MX,1697304809
510,gashua,12.871,11.0482,34.71,16,75,5.19,NG,1697304809
511,ust-tsilma,65.441,52.1498,4.78,81,100,2.68,RU,1697304809
512,beyla,8.6833,-8.6333,23.5,88,65,1.93,GN,1697304810
513,tuy hoa,13.0833,109.3,25.1,91,97,1.43,VN,1697304810
514,santo antonio,-6.3106,-35.4789,32.12,39,59,8.43,BR,1697304810
515,zheleznogorsk-ilimskiy,56.5768,104.1217,1.87,96,100,7.15,RU,1697304810
516,monrovia,6.3005,-10.7969,27.87,93,100,3.66,LR,1697304748
517,taoudenni,22.6783,-3.9836,33.15,12,1,4.0,ML,1697304811
518,piui,-20.4653,-45.9581,30.22,48,100,2.65,BR,1697304811
519,yatou,37.15,122.3833,13.69,75,0,3.11,CN,1697304811
520,monte santo,-10.4378,-39.3328,35.95,20,7,4.04,BR,1697304811
521,santana,-0.0583,-51.1817,34.1,52,20,4.63,BR,1697304812
522,ciudad madero,22.2667,-97.8333,30.11,84,75,6.69,MX,1697304762
523,bandar-e genaveh,29.5791,50.517,30.74,54,0,1.42,IR,1697304812
524,rio claro,-22.4114,-47.5614,28.55,64,100,3.59,BR,1697304570
525,nyurba,63.2842,118.3319,-12.16,92,8,1.79,RU,1697304813
526,santa rosa,14.3122,121.1114,28.37,81,72,2.51,PH,1697304813
527,ostersund,63.1792,14.6357,2.25,100,75,4.63,SE,1697304813
528,kuanda,56.3161,116.0806,-1.65,72,23,2.93,RU,1697304814
529,orsa,54.5153,30.4053,16.78,68,53,7.58,BY,1697304814
530,the pas,53.8251,-101.2541,10.01,76,0,2.57,CA,1697304814
531,shabqadar,34.2139,71.5552,22.12,31,92,1.04,PK,1697304815
532,nuuk,64.1835,-51.7216,4.34,93,75,11.32,GL,1697304815
533,tynda,55.1667,124.7167,-1.77,66,100,9.33,RU,1697304815
534,motygino,58.1831,94.7592,5.99,74,99,4.02,RU,1697304816
535,bodaybo,57.8506,114.1933,0.82,92,91,1.34,RU,1697304597
536,nguigmi,14.2495,13.1092,34.14,21,4,4.05,NE,1697304816
537,minot,48.2325,-101.2963,8.9,66,100,2.57,US,1697304817
538,purpe,64.4803,76.6897,3.5,97,100,3.29,RU,1697304817
539,luena,-11.7833,19.9167,22.1,78,0,2.06,AO,1697304817
540,brak,27.5496,14.2714,27.08,21,1,1.97,LY,1697304817
541,tual,-5.6667,132.75,27.05,83,95,8.08,ID,1697304817
542,yangshuo,24.7808,110.4897,17.18,85,20,0.77,CN,1697304818
543,ambon,-3.6954,128.1814,28.26,95,40,0.0,ID,1697304818
544,nacozari viejo,30.4,-109.65,26.41,30,49,1.06,MX,1697304818
545,vadakku valliyur,8.3833,77.65,25.89,84,92,2.84,IN,1697304818
546,la oliva,28.6105,-13.9291,27.66,39,0,3.6,ES,1697304819
547,natal,-5.795,-35.2094,30.36,65,75,9.26,BR,1697304819
548,hilo,19.7297,-155.09,24.79,87,40,2.06,US,1697304625
549,kotabumi,-4.8333,104.9,24.64,83,76,2.63,ID,1697304819
550,conception bay south,47.4999,-52.9981,13.74,99,100,2.57,CA,1697304799
551,faulquemont,49.0471,6.6031,12.73,65,76,4.57,FR,1697304820
552,christchurch,-43.5333,172.6333,9.62,69,29,3.6,NZ,1697304558
553,chilliwack,49.1747,-121.9443,14.0,100,94,0.51,CA,1697304820
554,kirensk,57.7853,108.1119,1.68,99,100,2.24,RU,1697304820
555,coahuayana de hidalgo,18.7,-103.6583,30.93,66,74,1.86,MX,1697304821
556,serdar,38.9764,56.2757,17.56,30,46,0.98,TM,1697304821
557,geraldton,-28.7667,114.6,22.23,33,3,3.6,AU,1697304686
558,chibougamau,49.9168,-74.3659,8.79,76,100,5.14,CA,1697304821
559,cuero,29.0939,-97.2892,20.84,23,0,6.85,US,1697304822
560,hede,33.7681,120.2517,15.97,78,21,0.29,CN,1697304822
561,belyy yar,53.6039,91.3903,-2.06,100,94,0.0,RU,1697304822
562,mil'kovo,55.6078,37.7956,14.22,81,84,8.2,RU,1697304822
563,olinda,-8.0089,-34.8553,28.85,61,40,5.66,BR,1697304823
564,bogo,11.0517,124.0055,26.25,86,92,2.51,PH,1697304823
565,sierra grande,-41.606,-65.3557,22.39,18,8,4.28,AR,1697304823
566,krasnoural'sk,58.3638,60.0407,2.79,82,66,4.1,RU,1697304823
567,ban houayxay,20.2453,100.4547,20.86,99,29,0.72,LA,1697304823
568,novodvinsk,64.4165,40.8122,3.77,90,100,6.39,RU,1697304824
569,labytnangi,66.6572,66.4183,-2.93,87,79,2.32,RU,1697304824
570,prince rupert,54.3161,-130.3201,12.05,89,40,9.77,CA,1697304824
571,fort mcmurray,56.7268,-111.381,7.77,70,0,6.17,CA,1697304611
572,sao vicente,-23.9631,-46.3919,23.1,74,100,1.54,BR,1697304561
573,east wenatchee bench,47.4257,-120.2812,13.91,76,100,0.0,US,1697304800
574,arrifes,37.7667,-25.7,21.14,83,75,5.14,PT,1697304825
575,morant bay,17.8815,-76.4093,32.79,67,73,2.89,JM,1697304825
576,gornozavodsk,58.3758,58.3211,2.82,94,79,3.57,RU,1697304825
577,mogocha,53.7333,119.7667,2.08,84,7,8.05,RU,1697304826
578,sayat,38.7839,63.8803,9.93,33,0,4.02,TM,1697304826
579,quellon,-43.1167,-73.6167,9.53,63,99,4.18,CL,1697304826
580,yigo village,13.5361,144.8886,23.62,92,0,4.63,GU,1697304826
581,beau vallon,-20.4189,57.6953,22.13,68,40,1.54,MU,1697304827
582,selebi-phikwe,-21.979,27.8498,27.57,41,19,7.22,BW,1697304827
